{"cameraMode":{"drawMode":0,"name":"Shaded","section":"Shading Mode"},"sceneLighting":false,"audioPlay":false,"sceneViewState":{"m_AlwaysRefresh":false,"showFog":true,"showSkybox":false,"showFlares":true,"showImageEffects":true,"showParticleSystems":true,"showVisualEffectGraphs":true,"m_FxEnabled":true},"in2DMode":false,"pivot":{"x":-0.7920158505439758,"y":1.3233824968338013,"z":-0.11836108565330506},"rotation":{"x":0.13959184288978578,"y":-0.22947049140930177,"z":0.033274032175540927,"w":0.962678849697113},"size":1.5762418508529664,"orthographic":false}