{"cameraMode":{"drawMode":0,"name":"Shaded","section":"Shading Mode"},"sceneLighting":true,"audioPlay":false,"sceneViewState":{"m_AlwaysRefresh":false,"showFog":true,"showSkybox":true,"showFlares":true,"showImageEffects":true,"showParticleSystems":true,"showVisualEffectGraphs":true,"m_FxEnabled":true},"in2DMode":false,"pivot":{"x":606.4611206054688,"y":276.7841491699219,"z":-0.212799072265625},"rotation":{"x":0.010499228723347187,"y":-0.010499228723347187,"z":0.00011024596460629255,"w":0.9998896718025208},"size":241.29856872558595,"orthographic":false}